ind,angle,names,u,s,m,l,u.r,s.r,m.r,l.r,x,y,z,h.theta,h.phi,r.vec,r.max,r.achieved,lum
CE24K01,-80,CE24K01 -80,0.253094013,0.245236744,0.248804563,0.25286468,0.003094013,-0.004763256,-0.001195437,0.00286468,0.004671138,-0.000174054,0.003094013,-0.037244347,0.584701496,0.005605599,0.294210468,0.019053023,0.060499193
CE24K01,-60,CE24K01 -60,0.232501797,0.250120197,0.255116978,0.262261028,-0.017498203,0.000120197,0.005116978,0.012261028,0.00743471,-0.000759174,-0.017498203,-0.101759479,-1.167153724,0.019027306,0.271846572,0.06999281,0.03687574
CE24K01,-40,CE24K01 -40,0.231906397,0.261549535,0.253713079,0.25283099,-0.018093603,0.011549535,0.003713079,0.00283099,-0.005338997,-0.00245874,-0.018093603,-2.710020859,-1.256687992,0.019024426,0.262861207,0.072374413,0.024232072
CE24K01,-20,CE24K01 -20,0.237222059,0.274963455,0.248130836,0.23968365,-0.012777941,0.024963455,-0.001869164,-0.01031635,-0.02160438,-0.006500233,-0.012777941,-2.849332676,-0.515325183,0.025928325,0.507286843,0.051111763,0.017394318
CE24K01,0,CE24K01 0,0.264619725,0.409192087,0.097182104,0.229006084,0.014619725,0.159192087,-0.152817896,-0.020993916,-0.110340942,-0.156919003,0.014619725,-2.183647523,0.076064893,0.192386156,0.314731065,0.611271584,0.077257316
CE24K01,20,CE24K01 20,0.26023833,0.260551896,0.24280445,0.236405324,0.01023833,0.010551896,-0.00719555,-0.013594676,-0.014786695,-0.004012237,0.01023833,-2.876631347,0.589090031,0.018427366,0.338870992,0.054378706,0.015856474
CE24K01,40,CE24K01 40,0.24079224,0.274972403,0.249464877,0.23477048,-0.00920776,0.024972403,-0.000535123,-0.01522952,-0.024618549,-0.003823018,-0.00920776,-2.987533022,-0.354016975,0.026560709,0.436007011,0.060918079,0.01653806
CE24K01,60,CE24K01 60,0.254916749,0.255959881,0.243774184,0.245349186,0.004916749,0.005959881,-0.006225816,-0.004650814,-0.006497697,-0.004865142,0.004916749,-2.498892836,0.544612156,0.00949021,0.381082967,0.024903266,0.028881112
CE24K01,80,CE24K01 80,0.263357289,0.265140587,0.240719407,0.230782717,0.013357289,0.015140587,-0.009280593,-0.019217283,-0.021039813,-0.005121041,0.013357289,-2.902837552,0.552716344,0.025442405,0.330983374,0.076869132,0.024896757
CE29K01,-80,CE29K01 -80,0.227443464,0.242156002,0.259636211,0.270764323,-0.022556536,-0.007843998,0.009636211,0.020764323,0.017518947,0.002245806,-0.022556536,0.127497598,-0.906492658,0.028648812,0.317522301,0.090226142,0.031730072
CE29K01,-60,CE29K01 -60,0.228295249,0.249046656,0.258053864,0.264604231,-0.021704751,-0.000953344,0.008053864,0.014604231,0.00952703,0.000868624,-0.021704751,0.090923297,-1.155654429,0.023719507,0.273206397,0.086819004,0.016698089
CE29K01,-40,CE29K01 -40,0.251622814,0.256369575,0.247597032,0.244410578,0.001622814,0.006369575,-0.002402968,-0.005589422,-0.00732336,-0.001974981,0.001622814,-2.878176945,0.210772926,0.007756654,0.346934535,0.022357687,0.013889414
CE29K01,-20,CE29K01 -20,0.242953609,0.276560974,0.237778435,0.242706982,-0.007046391,0.026560974,-0.012221565,-0.007293018,-0.020731252,-0.015454203,-0.007046391,-2.501007086,-0.26604718,0.026800538,0.54822228,0.048886261,0.010260974
CE29K01,0,CE29K01 0,0.23100072,0.419104344,0.093098542,0.256796394,-0.01899928,0.169104344,-0.156901458,0.006796394,-0.099392915,-0.173136388,-0.01899928,-2.091933616,-0.094883091,0.200539604,0.319531135,0.627605834,0.065878689
CE29K01,20,CE29K01 20,0.277979987,0.258980271,0.236844813,0.22619493,0.027979987,0.008980271,-0.013155187,-0.02380507,-0.020076839,-0.004060764,0.027979987,-2.942023892,0.938867635,0.034676346,0.364169745,0.095220282,0.010288814
CE29K01,40,CE29K01 40,0.281131386,0.252563226,0.237090243,0.229215146,0.031131386,0.002563226,-0.012909757,-0.020784854,-0.014297721,-0.002686259,0.031131386,-2.955877448,1.133644392,0.034362828,0.413315726,0.083139417,0.013188989
CE29K01,60,CE29K01 60,0.277147008,0.242817711,0.238963448,0.241071833,0.027147008,-0.007182289,-0.011036552,-0.008928167,-0.001069128,-0.002108114,0.027147008,-2.04014682,1.483944204,0.027249719,0.617260725,0.044146206,0.022862887
CE29K01,80,CE29K01 80,0.240599877,0.249153987,0.253574012,0.256672123,-0.009400123,-0.000846013,0.003574012,0.006672123,0.0046039,0.000467367,-0.009400123,0.10116892,-1.113337864,0.010477434,0.278651532,0.03760049,0.021851813
CE29K02redo,-80,CE29K02redo -80,0.286595207,0.248552802,0.236241403,0.228610588,0.036595207,-0.001447198,-0.013758597,-0.021389412,-0.012212062,-0.001654836,0.036595207,-3.006904741,1.245968089,0.038614533,0.451327652,0.085557649,0.072199052
CE29K02redo,-60,CE29K02redo -60,0.302346027,0.233805686,0.229763287,0.234085001,0.052346027,-0.016194314,-0.020236713,-0.015914999,0.000171045,-0.00295716,0.052346027,-1.513019785,1.514269645,0.052429768,0.647706078,0.080946852,0.110205713
CE29K02redo,-40,CE29K02redo -40,0.273840319,0.238940223,0.240072804,0.247146654,0.023840319,-0.011059777,-0.009927196,-0.002853346,0.005025392,-0.002100556,0.023840319,-0.395916807,1.346184117,0.024454605,0.552782496,0.044239109,0.069914412
CE29K02redo,-20,CE29K02redo -20,0.322394622,0.23594029,0.223174686,0.218490402,0.072394622,-0.01405971,-0.026825314,-0.031509598,-0.01068583,-0.002857178,0.072394622,-2.880324336,1.419178374,0.073234771,0.581051302,0.126038392,0.086729417
CE29K02redo,0,CE29K02redo 0,0.31943967,0.309878907,0.162306861,0.208374563,0.06943967,0.059878907,-0.087693139,-0.041625437,-0.062158463,-0.06846199,0.06943967,-2.307973555,0.644103656,0.115639899,0.329672024,0.350772558,0.070802858
CE29K02redo,20,CE29K02redo 20,0.308186075,0.233803383,0.226232005,0.231778538,0.058186075,-0.016196617,-0.023767995,-0.018221462,-0.001239959,-0.004637882,0.058186075,-1.832040933,1.488475494,0.058383789,0.614100897,0.095071981,0.057626524
CE29K02redo,40,CE29K02redo 40,0.316620993,0.232462866,0.22339016,0.227525981,0.066620993,-0.017537134,-0.02660984,-0.022474019,-0.003023212,-0.00466992,0.066620993,-2.145327486,1.487486059,0.066852859,0.628083994,0.10643936,0.09251052
CE29K02redo,60,CE29K02redo 60,0.274727331,0.241510453,0.237284146,0.24647807,0.024727331,-0.008489547,-0.012715854,-0.00352193,0.003042031,-0.004744769,0.024727331,-1.000679236,1.34669089,0.02536154,0.498620437,0.050863418,0.08273818
CE29K02redo,80,CE29K02redo 80,0.268659472,0.257240634,0.240655533,0.233444361,0.018659472,0.007240634,-0.009344467,-0.016555639,-0.014572182,-0.003314184,0.018659472,-2.91796437,0.895508937,0.023906237,0.360998404,0.066222557,0.060668219
CE23K01redo,-80,CE23K01redo -80,0.275796251,0.213949442,0.242984756,0.267269551,0.025796251,-0.036050558,-0.007015244,0.017269551,0.032651765,0.001679562,0.025796251,0.051393328,0.667996563,0.041646192,0.288804069,0.144202233,0.049527931
CE23K01redo,-60,CE23K01redo -60,0.246373798,0.216005511,0.253892443,0.283728248,-0.003626202,-0.033994489,0.003892443,0.033728248,0.041471537,0.002846504,-0.003626202,0.068530039,-0.087012825,0.041726974,0.306865721,0.135977956,0.06044917
CE23K01redo,-40,CE23K01redo -40,0.240281152,0.218038129,0.253878643,0.287802076,-0.009718848,-0.031961871,0.003878643,0.037802076,0.042721518,0.00067779,-0.009718848,0.015863979,-0.223658857,0.043818301,0.342738862,0.127847483,0.053853149
CE23K01redo,-20,CE23K01redo -20,0.282345982,0.222343924,0.238068004,0.25724209,0.032345982,-0.027656076,-0.011931996,0.00724209,0.021370675,-0.001219761,0.032345982,-0.057014554,0.986194485,0.038787319,0.350622039,0.110624303,0.050599021
CE23K01redo,0,CE23K01redo 0,0.282550995,0.33128862,0.150847903,0.235312483,0.032550995,0.08128862,-0.099152097,-0.014687517,-0.058773141,-0.093658166,0.032550995,-2.13121161,0.286299992,0.115263617,0.290623244,0.396608389,0.055228403
CE23K01redo,20,CE23K01redo 20,0.277701533,0.21125619,0.240150983,0.270891294,0.027701533,-0.03874381,-0.009849017,0.020891294,0.036518894,-0.000652489,0.027701533,-0.017865262,0.64887603,0.04584136,0.29579796,0.154975241,0.042613914
CE23K01redo,40,CE23K01redo 40,0.257811951,0.211377719,0.249792518,0.281017812,0.007811951,-0.038622281,-0.000207482,0.031017812,0.042645673,0.002541874,0.007811951,0.05953406,0.180860049,0.043429726,0.281118344,0.154489122,0.04364577
CE23K01redo,60,CE23K01redo 60,0.243526875,0.217342847,0.252610387,0.286519892,-0.006473125,-0.032657153,0.002610387,0.036519892,0.042362116,0.000480138,-0.006473125,0.011333644,-0.151622085,0.042856513,0.328079065,0.130628614,0.065465677
CE23K01redo,80,CE23K01redo 80,0.255054767,0.215385548,0.249327485,0.2802322,0.005054767,-0.034614452,-0.000672515,0.0302322,0.039710302,0.001073821,0.005054767,0.02703477,0.126564406,0.040045123,0.289222567,0.138457809,0.042868945
EE15K01,-80,EE15K01 -80,0.279021262,0.228560596,0.249005208,0.243412934,0.029021262,-0.021439404,-0.000994792,-0.006587066,0.009095162,0.009205429,0.029021262,0.791423389,1.151353556,0.031775707,0.370529273,0.085757616,0.014412896
EE15K01,-60,EE15K01 -60,0.301556044,0.21393896,0.232646845,0.25185815,0.051556044,-0.03606104,-0.017353155,0.00185815,0.023220667,-0.000177986,0.051556044,-0.007664822,1.147601637,0.05654429,0.392004017,0.14424416,0.119155091
EE15K01,-40,EE15K01 -40,0.300661631,0.211863678,0.236376836,0.251097855,0.050661631,-0.038136322,-0.013623164,0.001097855,0.024025928,0.003462043,0.050661631,0.143111059,1.123974479,0.056176791,0.36826304,0.152545286,0.062807241
EE15K01,-20,EE15K01 -20,0.321573016,0.217716362,0.226916376,0.233794246,0.071573016,-0.032283638,-0.023083624,-0.016205754,0.009845652,0.000821002,0.071573016,0.083194755,1.433624806,0.072251696,0.559507087,0.12913455,0.04723429
EE15K01,0,EE15K01 0,0.290110812,0.390864544,0.119382258,0.199642386,0.040110812,0.140864544,-0.130617742,-0.050357614,-0.117099178,-0.124359723,0.040110812,-2.326134063,0.230642344,0.175460638,0.335828494,0.522470967,0.08262241
EE15K01,20,EE15K01 20,0.324503075,0.208335489,0.225547059,0.241614377,0.074503075,-0.041664511,-0.024452941,-0.008385623,0.020379073,0.000404554,0.074503075,0.01984883,1.30374405,0.077241042,0.463470232,0.166658043,0.046020456
EE15K01,40,EE15K01 40,0.31460009,0.208379238,0.228484022,0.248536649,0.06460009,-0.041620762,-0.021515978,-0.001463351,0.024591292,1.84E-05,0.06460009,0.000749869,1.207064229,0.069122381,0.415191713,0.166483046,0.06025657
EE15K01,60,EE15K01 60,0.311590024,0.215250824,0.229268821,0.24389033,0.061590024,-0.034749176,-0.020731179,-0.00610967,0.017538044,-0.000213373,0.061590024,-0.01216572,1.293364635,0.064038735,0.460721251,0.138996704,0.09595188
EE15K01,80,EE15K01 80,0.206340795,0.261532097,0.269104843,0.263022266,-0.043659205,0.011532097,0.019104843,0.013022266,0.000912539,0.004827886,-0.043659205,1.383986094,-1.458728695,0.043934809,0.251578152,0.174636822,0.004626234
CF06K02,-80,CF06K02 -80,0.298781873,0.234124124,0.232606815,0.234487187,0.048781873,-0.015875876,-0.017393185,-0.015512813,0.00022233,-0.001201262,0.048781873,-1.387786933,1.545758185,0.048797168,0.701383459,0.069572739,0.057966265
CF06K02,-60,CF06K02 -60,0.231971212,0.242594551,0.25684616,0.268588077,-0.018028788,-0.007405449,0.00684616,0.018588077,0.015917719,0.00088731,-0.018028788,0.055685918,-0.846736569,0.024066539,0.333723746,0.072115152,0.018195885
CF06K02,-40,CF06K02 -40,0.218034076,0.237610573,0.258514522,0.285840829,-0.031965924,-0.012389427,0.008514522,0.035840829,0.029534879,-0.002270647,-0.031965924,-0.076729242,-0.823437392,0.04358079,0.340837871,0.127863695,0.010807491
CF06K02,-20,CF06K02 -20,0.106235875,0.072866156,0.194017771,0.626880197,-0.143764125,-0.177133844,-0.055982229,0.376880197,0.339262928,-0.110206415,-0.143764125,-0.314087832,-0.383110244,0.384594477,0.542802082,0.708535374,0.054105097
CF06K02,0,CF06K02 0,0.117327171,0.061893243,0.118194317,0.702585269,-0.132672829,-0.188106757,-0.131805683,0.452585269,0.392342136,-0.186707967,-0.132672829,-0.44416649,-0.296352666,0.45430639,0.603787975,0.752427026,0.15635427
CF06K02,20,CF06K02 20,0.251059654,0.267585658,0.24676832,0.234586368,0.001059654,0.017585658,-0.00323168,-0.015413632,-0.020207856,-0.00305307,0.001059654,-2.991643379,0.051802907,0.020464641,0.331924384,0.061654528,0.007092847
CF06K02,40,CF06K02 40,0.253436895,0.257837226,0.249133907,0.239591972,0.003436895,0.007837226,-0.000866093,-0.010408028,-0.011172891,0.000296496,0.003436895,3.115061828,0.298324987,0.011693316,0.280872518,0.041632112,0.009169128
CF06K02,60,CF06K02 60,0.28654214,0.237065106,0.239240628,0.237152126,0.03654214,-0.012934894,-0.010759372,-0.012847874,5.33E-05,0.00150756,0.03654214,1.535463662,1.529538609,0.036573264,0.706872132,0.051739575,0.019036945
CF06K02,80,CF06K02 80,0.278216221,0.233240937,0.245941361,0.242601481,0.028216221,-0.016759063,-0.004058639,-0.007398519,0.005732139,0.005671104,0.028216221,0.780045741,1.292442644,0.029345766,0.437759636,0.067036253,0.020595219
CF07K01,-80,CF07K01 -80,0.182561368,0.268317207,0.277070212,0.272051213,-0.067438632,0.018317207,0.027070212,0.022051213,0.002286603,0.004869139,-0.067438632,1.131753836,-1.491198735,0.067652835,0.250794068,0.269754528,0.007186375
CF07K01,-60,CF07K01 -60,0.201045364,0.245426343,0.270757653,0.282770639,-0.048954636,-0.004573657,0.020757653,0.032770639,0.022868618,0.004708738,-0.048954636,0.203065919,-1.125767388,0.054237461,0.27697817,0.195818542,0.010969201
CF07K01,-40,CF07K01 -40,0.07071744,0.062544285,0.155383809,0.711354465,-0.17928256,-0.187455715,-0.094616191,0.461354465,0.39731347,-0.163741582,-0.17928256,-0.390912417,-0.395242521,0.465630256,0.620987012,0.749822859,0.049290799
CF07K01,-20,CF07K01 -20,0.087572722,0.103832294,0.236132476,0.572462507,-0.162427278,-0.146167706,-0.013867524,0.322462507,0.286976225,-0.072135445,-0.162427278,-0.246261861,-0.502013485,0.337552213,0.519543604,0.649709111,0.020045525
CF07K01,0,CF07K01 0,0.07636119,0.055126883,0.145773534,0.722738394,-0.17363881,-0.194873117,-0.104226466,0.472738394,0.408826887,-0.171939452,-0.17363881,-0.398110609,-0.373165189,0.476290914,0.611026961,0.779492468,0.128453612
CF07K01,20,CF07K01 20,0.075731723,0.068004447,0.156023469,0.700240362,-0.174268277,-0.181995553,-0.093976531,0.450240362,0.387163847,-0.161290304,-0.174268277,-0.394729572,-0.393797885,0.454180404,0.623889425,0.727982212,0.049736883
CF07K01,40,CF07K01 40,0.22319732,0.240495883,0.263180332,0.273126464,-0.02680268,-0.009504117,0.013180332,0.023126464,0.019982068,0.004503675,-0.02680268,0.221681654,-0.918252366,0.033733512,0.314646814,0.10721072,0.011655891
CF07K01,60,CF07K01 60,0.231054418,0.235084283,0.264391428,0.269469871,-0.018945582,-0.014915717,0.014391428,0.019469871,0.021056786,0.00856614,-0.018945582,0.386364413,-0.694785624,0.029592264,0.390490298,0.075782328,0.017611479
CF07K01,80,CF07K01 80,0.179038915,0.219853256,0.313796715,0.287311115,-0.070961085,-0.030146744,0.063796715,0.037311115,0.041309333,0.042578103,-0.070961085,0.800521672,-0.874480605,0.092492332,0.325855825,0.283844341,0.016674952
CF07K02,-80,CF07K02 -80,0.247361217,0.243689959,0.249073608,0.259875216,-0.002638783,-0.006310041,-0.000926392,0.009875216,0.009911405,-0.001915538,-0.002638783,-0.190912285,-0.255678856,0.010434002,0.413388869,0.025240163,0.075576557
CF07K02,-60,CF07K02 -60,0.246090957,0.229605795,0.25258852,0.271714729,-0.003909043,-0.020394205,0.00258852,0.021714729,0.025786351,0.001363484,-0.003909043,0.052827001,-0.150241294,0.026116577,0.320147029,0.081576821,0.039602596
CF07K02,-40,CF07K02 -40,0.203026732,0.255164528,0.266491632,0.275317108,-0.046973268,0.005164528,0.016491632,0.025317108,0.012340884,0.000884459,-0.046973268,0.071546694,-1.313250594,0.04857538,0.258526726,0.187893071,0.009927248
CF07K02,-20,CF07K02 -20,0.171826815,0.183066541,0.245890631,0.399216013,-0.078173185,-0.066933459,-0.004109369,0.149216013,0.132363978,-0.031997039,-0.078173185,-0.237185071,-0.521125989,0.157019362,0.502152248,0.31269274,0.015094227
CF07K02,0,CF07K02 0,0.115797087,0.070469765,0.147832029,0.665901118,-0.134202913,-0.179530235,-0.102167971,0.415901118,0.364625748,-0.155813393,-0.134202913,-0.403837586,-0.326348508,0.418616974,0.582933809,0.718120938,0.102918409
CF07K02,20,CF07K02 20,0.264818484,0.240958095,0.247479356,0.246744064,0.014818484,-0.009041905,-0.002520644,-0.003255936,0.003543168,0.002565579,0.014818484,0.626712674,1.28374392,0.015450687,0.427196662,0.03616762,0.014798645
CF07K02,40,CF07K02 40,0.265768465,0.234527512,0.246220465,0.253483558,0.015768465,-0.015472488,-0.003779535,0.003483558,0.01160816,0.001566192,0.015768465,0.134111802,0.931897724,0.019642984,0.317385669,0.061889954,0.018512098
CF07K02,60,CF07K02 60,0.233544488,0.204869045,0.279045422,0.282541045,-0.016455512,-0.045130955,0.029045422,0.032541045,0.047564192,0.024989421,-0.016455512,0.483747248,-0.297197066,0.056192592,0.311275218,0.180523821,0.044921195
CF07K02,80,CF07K02 80,0.188226304,0.244251757,0.296473371,0.271048568,-0.061773696,-0.005748243,0.046473371,0.021048568,0.016409628,0.027452154,-0.061773696,1.032030101,-1.093057108,0.069562103,0.281519917,0.247094783,0.011041236
CF07K03,-80,CF07K03 -80,0.262029109,0.230786665,0.249573996,0.25761023,0.012029109,-0.019213335,-0.000426004,0.00761023,0.016426012,0.003801086,0.012029109,0.227403848,0.619707241,0.020711388,0.269492361,0.076853339,0.035708446
CF07K03,-60,CF07K03 -60,0.22555931,0.233203869,0.264944269,0.276292552,-0.02444069,-0.016796131,0.014944269,0.026292552,0.026386322,0.007209702,-0.02444069,0.266725819,-0.72921791,0.036681945,0.375213888,0.09776276,0.007216408
CF07K03,-40,CF07K03 -40,0.285179863,0.221983214,0.239250904,0.253586019,0.035179863,-0.028016786,-0.010749096,0.003586019,0.019352686,0.001036822,0.035179863,0.053523905,1.067265595,0.040164963,0.358400884,0.112067143,0.006236256
CF07K03,-20,CF07K03 -20,0.122338788,0.098517969,0.203452698,0.575690544,-0.127661212,-0.151482031,-0.046547302,0.325690544,0.292207332,-0.094505923,-0.127661212,-0.312802886,-0.393955018,0.33258665,0.548887956,0.605928124,0.013714935
CF07K03,0,CF07K03 0,0.101579289,0.053496307,0.11157426,0.733350144,-0.148420711,-0.196503693,-0.13842574,0.483350144,0.41632375,-0.199297315,-0.148420711,-0.446469001,-0.31111534,0.484843884,0.616838134,0.786014771,0.133372024
CF07K03,20,CF07K03 20,0.197597052,0.222744831,0.253999452,0.325658666,-0.052402948,-0.027255169,0.003999452,0.075658666,0.063021596,-0.014285181,-0.052402948,-0.222904544,-0.681373667,0.083197698,0.396913249,0.209611793,0.003018752
CF07K03,40,CF07K03 40,0.245887837,0.243779366,0.258144431,0.252188366,-0.004112163,-0.006220634,0.008144431,0.002188366,0.00514944,0.007184604,-0.004112163,0.948928518,-0.435428332,0.009749111,0.391805348,0.024882536,0.003557692
CF07K03,60,CF07K03 60,0.273943064,0.220236112,0.248628362,0.257192462,0.023943064,-0.029763888,-0.001371638,0.007192462,0.02263105,0.00701031,0.023943064,0.300391363,0.790669578,0.033683515,0.282922673,0.11905555,0.011126334
CF07K03,80,CF07K03 80,0.233145973,0.212600334,0.269020056,0.285233637,-0.016854027,-0.037399666,0.019020056,0.035233637,0.044478633,0.014215018,-0.016854027,0.309332848,-0.346386774,0.049643466,0.331844312,0.149598666,0.005603768
DE15K01,-80,DE15K01 -80,0.254235894,0.227376899,0.251547618,0.266839589,0.004235894,-0.022623101,0.001547618,0.016839589,0.024165863,0.003139111,0.004235894,0.129175262,0.172104207,0.024734304,0.273330166,0.090492403,0.034450512
DE15K01,-60,DE15K01 -60,0.201650411,0.192175973,0.293599272,0.312574343,-0.048349589,-0.057824027,0.043599272,0.062574343,0.073728643,0.02914985,-0.048349589,0.376505783,-0.547626047,0.092861775,0.401484386,0.231296106,0.006099159
DE15K01,-40,DE15K01 -40,0.237176676,0.168884009,0.289904327,0.304034989,-0.012823324,-0.081115991,0.039904327,0.054034989,0.082762735,0.0377912,-0.012823324,0.428346267,-0.140020204,0.091881896,0.283180585,0.324463965,0.002506375
DE15K01,-20,DE15K01 -20,0.244253026,0.225012133,0.261621446,0.269113394,-0.005746974,-0.024987867,0.011621446,0.019113394,0.027006396,0.010294543,-0.005746974,0.364185638,-0.196283548,0.029467792,0.294821008,0.099951467,0.015202884
DE15K01,0,DE15K01 0,0.252258288,0.377559634,0.135667649,0.23451443,0.002258288,0.127559634,-0.114332351,-0.01548557,-0.08759694,-0.120469346,0.002258288,-2.199499604,0.015160226,0.148967067,0.325732536,0.457329406,0.054389461
DE15K01,20,DE15K01 20,0.303748568,0.214152024,0.242662466,0.239436943,0.053748568,-0.035847976,-0.007337534,-0.010563057,0.015483788,0.011220358,0.053748568,0.627080063,1.228995512,0.057048687,0.397851515,0.143391906,0.010203689
DE15K01,40,DE15K01 40,0.230851799,0.165283178,0.318119809,0.285745214,-0.019148201,-0.084716822,0.068119809,0.035745214,0.073767631,0.065482057,-0.019148201,0.725966674,-0.191740125,0.100479932,0.296517059,0.338867288,0.001511223
DE15K01,60,DE15K01 60,0.26067557,0.224754148,0.249021379,0.265548903,0.01067557,-0.025245852,-0.000978621,0.015548903,0.024981583,0.0027364,0.01067557,0.109101732,0.401698513,0.02730449,0.270385905,0.100983408,0.025164215
DE15K01,80,DE15K01 80,0.215447569,0.214483067,0.28107431,0.288995054,-0.034552431,-0.035516933,0.03107431,0.038995054,0.045629087,0.020743154,-0.034552431,0.426675793,-0.603546547,0.06087826,0.42851574,0.142067733,0.007032196
BE10K07,-80,BE10K07 -80,0.217737478,0.250436817,0.260156877,0.271668829,-0.032262522,0.000436817,0.010156877,0.021668829,0.013001899,-0.000633529,-0.032262522,-0.048687396,-1.187292443,0.034789669,0.269582681,0.12905009,0.008500382
BE10K07,-60,BE10K07 -60,0.129325018,0.353486785,0.281787465,0.235400732,-0.120674982,0.103486785,0.031787465,-0.014599268,-0.072312644,-0.008949351,-0.120674982,-3.018459609,-1.027582732,0.140966878,0.292038324,0.482699929,0.002842996
BE10K07,-40,BE10K07 -40,0.1866432,0.295761785,0.262352064,0.255242951,-0.0633568,0.045761785,0.012352064,0.005242951,-0.024812617,-0.009298669,-0.0633568,-2.783036204,-1.174673285,0.068674706,0.270983961,0.253427198,0.002520979
BE10K07,-20,BE10K07 -20,0.173631962,0.335322061,0.273766301,0.217279676,-0.076368038,0.085322061,0.023766301,-0.032720324,-0.072285903,-0.00179221,-0.076368038,-3.116804377,-0.81269852,0.105169106,0.344283779,0.305472151,0.006880986
BE10K07,0,BE10K07 0,0.210311908,0.383925878,0.151141263,0.254620951,-0.039688092,0.133925878,-0.098858737,0.004620951,-0.079182773,-0.118887385,-0.039688092,-2.158359246,-0.271008473,0.148254061,0.374913904,0.395434949,0.016783376
BE10K07,20,BE10K07 20,0.184641969,0.342167746,0.275546475,0.19764381,-0.065358031,0.092167746,0.025546475,-0.05235619,-0.088502475,0.003988575,-0.065358031,3.096555744,-0.635608006,0.110092093,0.421111574,0.261432123,0.006600564
BE10K07,40,BE10K07 40,0.130430923,0.349968008,0.271233721,0.248367347,-0.119569077,0.099968008,0.021233721,-0.001632653,-0.062217445,-0.01975229,-0.119569077,-2.834184662,-1.071075249,0.136227484,0.284830092,0.478276307,0.002783263
BE10K07,60,BE10K07 60,0.31118828,0.236527995,0.221450766,0.230832959,0.06118828,-0.013472005,-0.028549234,-0.019167041,-0.003487483,-0.008647712,0.06118828,-1.954130456,1.419570227,0.061894678,0.541999451,0.114196938,0.004484803
BE10K07,80,BE10K07 80,0.247257028,0.237373792,0.251512159,0.263857021,-0.002742972,-0.012626208,0.001512159,0.013857021,0.0162176,0.0006341,-0.002742972,0.039079592,-0.167424253,0.016460149,0.325912354,0.050504834,0.018647339
DE15K04,-80,DE15K04 -80,0.303408261,0.241242844,0.231310931,0.224037963,0.053408261,-0.008757156,-0.018689069,-0.025962037,-0.010535795,-0.000940079,0.053408261,-3.052601175,1.37527384,0.054445652,0.524281407,0.103848147,0.031479985
DE15K04,-60,DE15K04 -60,0.293678407,0.222588625,0.237009408,0.24672356,0.043678407,-0.027411375,-0.012990592,-0.00327644,0.014779569,0.001664046,0.043678407,0.112118763,1.242600375,0.046141174,0.420821411,0.109645501,0.062364915
DE15K04,-40,DE15K04 -40,0.294271473,0.221478299,0.2360956,0.248154628,0.044271473,-0.028521701,-0.0139044,-0.001845372,0.016335848,0.000904486,0.044271473,0.055311711,1.216805402,0.047197896,0.413701623,0.114086804,0.052792606
DE15K04,-20,DE15K04 -20,0.313894559,0.222569197,0.229188114,0.23434813,0.063894559,-0.027430803,-0.020811886,-0.01565187,0.007213094,0.000515799,0.063894559,0.071387205,1.458097049,0.064302484,0.586042667,0.109723212,0.051635846
DE15K04,0,DE15K04 0,0.269446448,0.291312075,0.195650255,0.243591223,0.019446448,0.041312075,-0.054349745,-0.006408777,-0.029222934,-0.050771253,0.019446448,-2.093066629,0.320513953,0.061724098,0.283920826,0.217398981,0.057961644
DE15K04,20,DE15K04 20,0.303178136,0.217288046,0.23262647,0.246907348,0.053178136,-0.032711954,-0.01737353,-0.003092652,0.018138044,0.000373899,0.053178136,0.02061116,1.242024381,0.056187566,0.429411573,0.130847816,0.037702996
DE15K04,40,DE15K04 40,0.303222512,0.22451858,0.233608961,0.238649947,0.053222512,-0.02548142,-0.016391039,-0.011350053,0.00865366,0.001431677,0.053222512,0.163956682,1.407460393,0.053940442,0.529213467,0.10192568,0.052994045
DE15K04,60,DE15K04 60,0.246946735,0.233989856,0.250695805,0.268367604,-0.003053265,-0.016010144,0.000695805,0.018367604,0.021051986,-0.000341479,-0.003053265,-0.016219333,-0.144011563,0.021274988,0.332211062,0.064040578,0.042599058
DE15K04,80,DE15K04 80,0.265519269,0.274282023,0.245056443,0.215142265,0.015519269,0.024282023,-0.004943557,-0.034857735,-0.036215557,0.000243456,0.015519269,3.134870345,0.404844317,0.039401441,0.282587507,0.139430938,0.010615645
DE15K05,-80,DE15K05 -80,0.283724819,0.233456776,0.239040416,0.243777989,0.033724819,-0.016543224,-0.010959584,-0.006222011,0.006320427,0.00029913,0.033724819,0.047292151,1.385331009,0.034313273,0.518539687,0.066172897,0.113330178
DE15K05,-60,DE15K05 -60,0.272289185,0.22780817,0.244027106,0.255875539,0.022289185,-0.02219183,-0.005972894,0.005875539,0.017187683,0.001545206,0.022289185,0.089660908,0.911966201,0.028188861,0.317558994,0.08876732,0.11264681
DE15K05,-40,DE15K05 -40,0.281665764,0.228584718,0.240720626,0.249028892,0.031665764,-0.021415282,-0.009279374,-0.000971108,0.012519449,0.001353276,0.031665764,0.107675808,1.192304195,0.034077684,0.397819692,0.08566113,0.08748534
DE15K05,-20,DE15K05 -20,0.295715057,0.23058654,0.23466477,0.239033633,0.045715057,-0.01941346,-0.01533523,-0.010966367,0.005172767,-0.000102754,0.045715057,-0.019861896,1.458101163,0.046006897,0.592461327,0.077653839,0.063075453
DE15K05,0,DE15K05 0,0.308939006,0.270546333,0.194357683,0.226156978,0.058939006,0.020546333,-0.055642317,-0.023843022,-0.027182818,-0.038179504,0.058939006,-2.189513466,0.898995419,0.075301969,0.338330488,0.222569269,0.082991129
DE15K05,20,DE15K05 20,0.275710055,0.226877654,0.240765891,0.2566464,0.025710055,-0.023122346,-0.009234109,0.0066464,0.01822956,-0.000704374,0.025710055,-0.038619914,0.953674331,0.031524909,0.340848946,0.092489385,0.054447337
DE15K05,40,DE15K05 40,0.278641177,0.226259356,0.241459531,0.253639935,0.028641177,-0.023740644,-0.008540469,0.003639935,0.016767112,0.00106765,0.028641177,0.063589416,1.04028402,0.033205315,0.349667381,0.094962574,0.078114416
DE15K05,60,DE15K05 60,0.274447054,0.228033173,0.241644224,0.255875548,0.024447054,-0.021966827,-0.008355776,0.005875548,0.017049903,-0.000219299,0.024447054,-0.012861495,0.96176414,0.029806136,0.339217587,0.087867308,0.081283316
DE15K05,80,DE15K05 80,0.278961214,0.233158966,0.240218373,0.247661447,0.028961214,-0.016841034,-0.009781627,-0.002338553,0.00888092,-0.000135647,0.028961214,-0.015272754,1.273218281,0.03029259,0.449684233,0.067364137,0.040163097
DE15K02,-80,DE15K02 -80,0.302967073,0.212256949,0.235576227,0.249199751,0.052967073,-0.037743051,-0.014423773,-0.000800249,0.022622754,0.003427967,0.052967073,0.15038341,1.163024008,0.057697927,0.382175826,0.150972205,0.033354281
DE15K02,-60,DE15K02 -60,0.235998825,0.167903949,0.26567086,0.330426366,-0.014001175,-0.082096051,0.01567086,0.080426366,0.099524248,0.011671294,-0.014001175,0.116737665,-0.138824794,0.101179681,0.308113729,0.328384203,0.010000674
DE15K02,-40,DE15K02 -40,0.222565194,0.21842074,0.268693121,0.290320946,-0.027434806,-0.03157926,0.018693121,0.040320946,0.044029704,0.01012738,-0.027434806,0.226080209,-0.545727065,0.052856856,0.418445967,0.126317041,0.011924487
DE15K02,-20,DE15K02 -20,0.242572145,0.225921525,0.255877318,0.275629012,-0.007427855,-0.024078475,0.005877318,0.025629012,0.030439495,0.003607694,-0.007427855,0.11796983,-0.237741516,0.031539679,0.327467572,0.096313899,0.029757961
DE15K02,0,DE15K02 0,0.260142597,0.310617555,0.178296048,0.250943799,0.010142597,0.060617555,-0.071703952,0.000943799,-0.036542563,-0.072467576,0.010142597,-2.03784682,0.124326189,0.08179108,0.28516936,0.286815807,0.060055615
DE15K02,20,DE15K02 20,0.317438567,0.200811622,0.240583751,0.241166061,0.067438567,-0.049188378,-0.009416249,-0.008833939,0.024711946,0.013855693,0.067438567,0.511011971,1.173079274,0.073147938,0.371774495,0.196753513,0.008734711
DE15K02,40,DE15K02 40,0.311953699,0.218075141,0.233116089,0.23685507,0.061953699,-0.031924859,-0.016883911,-0.01314493,0.011500311,0.003995849,0.061953699,0.334406401,1.376755592,0.063138616,0.49443144,0.127699435,0.027541498
DE15K02,60,DE15K02 60,0.317141866,0.192157586,0.233086013,0.257614534,0.067141866,-0.057842414,-0.016913987,0.007614534,0.040084031,0.005798242,0.067141866,0.143655745,1.028013553,0.078411602,0.338901841,0.231369656,0.0120743
DE15K02,80,DE15K02 80,0.288197213,0.206970274,0.239360273,0.265472241,0.038197213,-0.043029726,-0.010639727,0.015472241,0.035824992,0.002219619,0.038197213,0.06187818,0.81647869,0.052415492,0.30453071,0.172118904,0.019880401
BE10K06,-80,BE10K06 -80,0.181486855,0.2866362,0.285488915,0.24638803,-0.068513145,0.0366362,0.035488915,-0.00361197,-0.02464687,0.013418624,-0.068513145,2.643031849,-1.182042342,0.074037684,0.270158684,0.27405258,0.023003136
BE10K06,-60,BE10K06 -60,0.145983155,0.321698765,0.307342739,0.224975342,-0.104016845,0.071698765,0.057342739,-0.025024658,-0.059230758,0.024045651,-0.104016845,2.755954113,-1.019732991,0.122090049,0.293438166,0.416067381,0.00892889
BE10K06,-40,BE10K06 -40,0.168877198,0.371590701,0.275901454,0.183630647,-0.081122802,0.121590701,0.025901454,-0.066369353,-0.115101556,-0.001208601,-0.081122802,-3.131092737,-0.613909727,0.140821653,0.43397679,0.324491208,0.034279403
BE10K06,-20,BE10K06 -20,0.145390269,0.401418209,0.285825817,0.167365706,-0.104609731,0.151418209,0.035825817,-0.082634294,-0.143327301,0.001013891,-0.104609731,3.134518812,-0.630478455,0.177445595,0.424065698,0.418438926,0.022702398
BE10K06,0,BE10K06 0,0.154816383,0.385524198,0.274978695,0.184680723,-0.095183617,0.135524198,0.024978695,-0.065319277,-0.122991008,-0.007158583,-0.095183617,-3.083454129,-0.65780863,0.155685433,0.408908168,0.380734467,0.013403959
BE10K06,20,BE10K06 20,0.144098361,0.403362177,0.288103271,0.164436191,-0.105901639,0.153362177,0.038103271,-0.085563809,-0.146311688,0.002972738,-0.105901639,3.121277602,-0.626428724,0.180640816,0.426435364,0.423606556,0.027195839
BE10K06,40,BE10K06 40,0.155017688,0.398760671,0.281899793,0.164321848,-0.094982312,0.148760671,0.031899793,-0.085678152,-0.143563873,0.000253522,-0.094982312,3.139826738,-0.584488186,0.172140319,0.453085199,0.379929249,0.031887196
BE10K06,60,BE10K06 60,0.188470292,0.308753353,0.28174163,0.221034726,-0.061529708,0.058753353,0.03174163,-0.028965274,-0.05371647,0.011913045,-0.061529708,2.923348591,-0.841178967,0.082542624,0.335377113,0.246118834,0.009855119
BE10K06,80,BE10K06 80,0.206594579,0.258353163,0.267021571,0.268030686,-0.043405421,0.008353163,0.017021571,0.018030686,0.005926249,0.002707969,-0.043405421,0.428614246,-1.421797707,0.043891731,0.252800978,0.173621683,0.013911001
EE19K01,-80,EE19K01 -80,0.248143778,0.265887865,0.254247458,0.231720898,-0.001856222,0.015887865,0.004247458,-0.018279102,-0.020922909,0.003848836,-0.001856222,2.959673231,-0.087032785,0.021354793,0.292065688,0.073116406,0.032842312
EE19K01,-60,EE19K01 -60,0.266889411,0.236058283,0.244893297,0.252159009,0.016889411,-0.013941717,-0.005106703,0.002159009,0.009859641,0.000554832,0.016889411,0.056213732,1.041702749,0.019564575,0.350827917,0.055766869,0.208446844
EE19K01,-40,EE19K01 -40,0.265797989,0.231027359,0.246321312,0.25685334,0.015797989,-0.018972641,-0.003678688,0.00685334,0.015815119,0.001683595,0.015797989,0.106055366,0.782039099,0.022417157,0.295387933,0.075890565,0.181044352
EE19K01,-20,EE19K01 -20,0.231060003,0.18833052,0.241637946,0.33897153,-0.018939997,-0.06166948,-0.008362054,0.08897153,0.092248402,-0.015565597,-0.018939997,-0.167161098,-0.199753387,0.095450401,0.386943432,0.246677919,0.183130186
EE19K01,0,EE19K01 0,0.134999916,0.080041781,0.143090993,0.641867309,-0.115000084,-0.169958219,-0.106909007,0.391867309,0.344046467,-0.154052795,-0.115000084,-0.420995751,-0.296102464,0.394113251,0.579720789,0.679832875,0.57561688
EE19K01,20,EE19K01 20,0.261018512,0.230798275,0.244696646,0.263486567,0.011018512,-0.019201725,-0.005303354,0.013486567,0.020017409,-0.001729424,0.011018512,-0.086182008,0.501616698,0.022914956,0.298345011,0.076806901,0.094967793
EE19K01,40,EE19K01 40,0.251126909,0.231678277,0.251426896,0.265767918,0.001126909,-0.018321723,0.001426896,0.015767918,0.020875557,0.001911874,0.001126909,0.091329552,0.053705569,0.02099319,0.286452187,0.073286892,0.14588047
EE19K01,60,EE19K01 60,0.242408264,0.229364922,0.26553374,0.262693074,-0.007591736,-0.020635078,0.01553374,0.012693074,0.020409242,0.013791936,-0.007591736,0.594277858,-0.298963902,0.025775747,0.312280697,0.082540313,0.14718792
EE19K01,80,EE19K01 80,0.15829233,0.363915407,0.291706171,0.186086093,-0.09170767,0.113915407,0.041706171,-0.063913907,-0.10889777,0.011812516,-0.09170767,3.033541679,-0.697035528,0.14285852,0.389439942,0.366830682,0.011823572
DF09K01,-80,DF09K01 -80,0.28224497,0.235423053,0.238603379,0.243728598,0.03224497,-0.014576947,-0.011396621,-0.006271402,0.005086087,-0.000687624,0.03224497,-0.134382193,1.412952654,0.032650868,0.559974386,0.058307788,0.030410149
DF09K01,-60,DF09K01 -60,0.271865794,0.228163778,0.243160978,0.25680945,0.021865794,-0.021836222,-0.006839022,0.00680945,0.01754182,0.000476847,0.021865794,0.027176752,0.894505033,0.028036686,0.320988293,0.087344888,0.072008413
DF09K01,-40,DF09K01 -40,0.265985473,0.225330565,0.241600178,0.267083784,0.015985473,-0.024669435,-0.008399822,0.017083784,0.02556852,-0.003257638,0.015985473,-0.126725391,0.555131448,0.0303298,0.307362127,0.098677741,0.014935628
DF09K01,-20,DF09K01 -20,0.245948331,0.24268326,0.249098287,0.262270123,-0.004051669,-0.00731674,-0.000901713,0.012270123,0.011994455,-0.002388893,-0.004051669,-0.196593912,-0.319909007,0.012883702,0.44021318,0.029266961,0.277006832
DF09K01,0,DF09K01 0,0.142148242,0.084265535,0.140101868,0.633484355,-0.107851758,-0.165734465,-0.109898132,0.383484355,0.336326466,-0.154695926,-0.107851758,-0.431103774,-0.283488958,0.385588282,0.581635633,0.66293786,0.197348222
DF09K01,20,DF09K01 20,0.282223713,0.219075399,0.237441482,0.261259406,0.032223713,-0.030924601,-0.012558518,0.011259406,0.025832323,-0.001927517,0.032223713,-0.074478472,0.893691418,0.041344793,0.334238697,0.123698402,0.01785644
DF09K01,40,DF09K01 40,0.27721678,0.230836781,0.242429001,0.249517438,0.02721678,-0.019163219,-0.007570999,-0.000482562,0.011439519,0.001592328,0.02721678,0.138306676,1.169464872,0.029566049,0.385713496,0.076652876,0.014293289
DF09K01,60,DF09K01 60,0.280565231,0.223241167,0.240629168,0.255564434,0.030565231,-0.026758833,-0.009370832,0.005564434,0.019793878,0.000867173,0.030565231,0.043782146,0.995676433,0.036425031,0.340308485,0.10703533,0.067197903
DF09K01,80,DF09K01 80,0.247975166,0.212367535,0.268520433,0.271136866,-0.002024834,-0.037632465,0.018520433,0.021136866,0.035988718,0.018927999,-0.002024834,0.484185623,-0.049754724,0.040713105,0.270465309,0.15052986,0.043089136
DF10K01,-80,DF10K01 -80,0.299312874,0.224425619,0.2271495,0.249112006,0.049312874,-0.025574381,-0.0228505,-0.000887994,0.015117263,-0.006801881,0.049312874,-0.422805125,1.246504063,0.052024579,0.508561474,0.102297522,0.00598524
DF10K01,-60,DF10K01 -60,0.250382003,0.221905217,0.251108131,0.27660465,0.000382003,-0.028094783,0.001108131,0.02660465,0.033496425,0.001310408,0.000382003,0.039100903,0.011395075,0.033524224,0.298313602,0.112379133,0.05768596
DF10K01,-40,DF10K01 -40,0.255605115,0.228631835,0.244531843,0.271231206,0.005605115,-0.021368165,-0.005468157,0.021231206,0.026086681,-0.003818148,0.005605115,-0.145331982,0.209480951,0.026953858,0.315350647,0.085472659,0.013573549
DF10K01,-20,DF10K01 -20,0.207759363,0.178858301,0.246482732,0.366899603,-0.042240637,-0.071141699,-0.003517268,0.116899603,0.11515131,-0.018664946,-0.042240637,-0.160693022,-0.347414518,0.124066417,0.435983463,0.284566795,0.019886824
DF10K01,0,DF10K01 0,0.106277063,0.061138286,0.156015504,0.676569147,-0.143722937,-0.188861714,-0.093984496,0.426569147,0.376872895,-0.150499343,-0.143722937,-0.379934813,-0.340377381,0.430510759,0.569875639,0.755446855,0.146479411
DF10K01,20,DF10K01 20,0.294891442,0.225404578,0.23358452,0.24611946,0.044891442,-0.024595422,-0.01641548,-0.00388054,0.012685222,-0.001539725,0.044891442,-0.120788518,1.293481383,0.046674696,0.474424636,0.098381686,0.017234292
DF10K01,40,DF10K01 40,0.293104502,0.22197227,0.237787863,0.247135364,0.043104502,-0.02802773,-0.012212137,-0.002864636,0.015409185,0.002286816,0.043104502,0.147330683,1.224002284,0.045833074,0.408818998,0.112110919,0.043110306
DF10K01,60,DF10K01 60,0.292733027,0.218309574,0.241453602,0.247503796,0.042733027,-0.031690426,-0.008546398,-0.002496204,0.017877737,0.006043583,0.042733027,0.325990251,1.154935591,0.046714559,0.368522651,0.126761703,0.029160097
DF10K01,80,DF10K01 80,0.264214705,0.232777967,0.254933861,0.248073466,0.014214705,-0.017222033,0.004933861,-0.001926534,0.009366542,0.010258807,0.014214705,0.830831798,0.796895197,0.019875439,0.288517614,0.068888131,0.005593061
DF09K03,-80,DF09K03 -80,0.278866942,0.226810923,0.241213181,0.253108954,0.028866942,-0.023189077,-0.008786819,0.003108954,0.016104189,0.000886177,0.028866942,0.054972271,1.061282567,0.033067062,0.356493939,0.092756309,0.051563734
DF09K03,-60,DF09K03 -60,0.274377986,0.220291584,0.244222704,0.261107726,0.024377986,-0.029708416,-0.005777296,0.011107726,0.02499468,0.002491172,0.024377986,0.09934002,0.770437959,0.035003231,0.294556522,0.118833664,0.048904131
DF09K03,-40,DF09K03 -40,0.256049633,0.20619669,0.247663617,0.290090061,0.006049633,-0.04380331,-0.002336383,0.040090061,0.051373988,-0.000339241,0.006049633,-0.006603261,0.117214378,0.051730067,0.295240625,0.175213241,0.024985546
DF09K03,-20,DF09K03 -20,0.186845121,0.132774206,0.212638283,0.46774239,-0.063154879,-0.117225794,-0.037361717,0.21774239,0.205125283,-0.061956706,-0.063154879,-0.293330277,-0.286618191,0.223391033,0.476411857,0.468903177,0.053454624
DF09K03,0,DF09K03 0,0.125820834,0.071154486,0.112589743,0.690434937,-0.124179166,-0.178845514,-0.137410257,0.440434937,0.379230278,-0.189649552,-0.124179166,-0.463720203,-0.284902789,0.44181786,0.617597069,0.715382055,0.24402474
DF09K03,20,DF09K03 20,0.306649597,0.212605244,0.23102155,0.249723608,0.056649597,-0.037394756,-0.01897845,-0.000276392,0.022730263,-0.000101028,0.056649597,-0.004444631,1.189215308,0.061039757,0.408076983,0.149579025,0.022912104
DF09K03,40,DF09K03 40,0.30273281,0.221848903,0.23399571,0.241422577,0.05273281,-0.028151097,-0.01600429,-0.008577423,0.011986378,0.001668751,0.05273281,0.138331461,1.345206412,0.054103671,0.48047569,0.112604389,0.021749355
DF09K03,60,DF09K03 60,0.230290271,0.18514701,0.282113555,0.302449164,-0.019709729,-0.06485299,0.032113555,0.052449164,0.071832605,0.027093128,-0.019709729,0.360672068,-0.251302916,0.079261808,0.305544156,0.259411958,0.05065884
DF09K03,80,DF09K03 80,0.240826834,0.207685456,0.284497408,0.266990301,-0.009173166,-0.042314544,0.034497408,0.016990301,0.036316652,0.033346823,-0.009173166,0.742792877,-0.183948964,0.050150342,0.296294949,0.169258174,0.016916547
DF09K02,-80,DF09K02 -80,0.289745041,0.221816917,0.23713543,0.251302611,0.039745041,-0.028183083,-0.01286457,0.001302611,0.018056226,0.000407057,0.039745041,0.022540058,1.144275475,0.043656171,0.387255113,0.112732331,0.050859903
DF09K02,-60,DF09K02 -60,0.276495685,0.218901002,0.243031456,0.261571857,0.026495685,-0.031098998,-0.006968544,0.011571857,0.026130455,0.001976382,0.026495685,0.075491451,0.790912147,0.037265642,0.299572696,0.12439599,0.074929409
DF09K02,-40,DF09K02 -40,0.256905918,0.21637633,0.249855076,0.276862677,0.006905918,-0.03362367,-0.000144924,0.026862677,0.037040171,0.002287895,0.006905918,0.061689567,0.183984864,0.037747854,0.280664289,0.13449468,0.033742345
DF09K02,-20,DF09K02 -20,0.216820232,0.158017636,0.242786973,0.382375159,-0.033179768,-0.091982364,-0.007213027,0.132375159,0.137390363,-0.01938139,-0.033179768,-0.140143301,-0.234724377,0.142662704,0.38774472,0.367929457,0.080482647
DF09K02,0,DF09K02 0,0.102681481,0.05621923,0.154731214,0.686368075,-0.147318519,-0.19378077,-0.095268786,0.436368075,0.385885784,-0.153132769,-0.147318519,-0.37777447,-0.340987141,0.440522677,0.568326099,0.775123082,0.355663655
DF09K02,20,DF09K02 20,0.290211421,0.216272822,0.236253124,0.257262633,0.040211421,-0.033727178,-0.013746876,0.007262633,0.02510103,-0.00036388,0.040211421,-0.014495583,1.012706309,0.04740414,0.351379385,0.134908712,0.036585193
DF09K02,40,DF09K02 40,0.309735302,0.219705471,0.231256838,0.239302389,0.059735302,-0.030294529,-0.018743162,-0.010697611,0.012000612,0.001239493,0.059735302,0.10292089,1.371511845,0.060941425,0.502907846,0.121178116,0.034411797
DF09K02,60,DF09K02 60,0.246864661,0.195938266,0.269393018,0.287804055,-0.003135339,-0.054061734,0.019393018,0.037804055,0.056256077,0.019460892,-0.003135339,0.333048002,-0.052622187,0.059609587,0.275655176,0.216246936,0.062118736
DF09K02,80,DF09K02 80,0.292025123,0.212704718,0.244764524,0.250505635,0.042025123,-0.037295282,-0.005235476,0.000505635,0.02314824,0.009305064,0.042025123,0.382209678,1.035054859,0.048872653,0.327606133,0.14918113,0.032591099
AE18K03,-80,AE18K03 -80,0.202971002,0.306074663,0.271841046,0.219113289,-0.047028998,0.056074663,0.021841046,-0.030886711,-0.053252749,0.006538666,-0.047028998,3.019418669,-0.71970453,0.071346591,0.379269144,0.188115991,0.007408264
AE18K03,-60,AE18K03 -60,0.286087907,0.251618711,0.227290819,0.235002563,0.036087907,0.001618711,-0.022709181,-0.014997437,-0.010175271,-0.011327722,0.036087907,-2.302650789,1.171525038,0.039168744,0.431199427,0.090836724,0.244064167
AE18K03,-40,AE18K03 -40,0.302252601,0.250905724,0.220391408,0.226450267,0.052252601,0.000905724,-0.029608592,-0.023549733,-0.014975848,-0.01293057,0.052252601,-2.429354283,1.208824545,0.055873159,0.471764751,0.118434367,0.261434128
AE18K03,-20,AE18K03 -20,0.227966499,0.195221438,0.219559773,0.35725229,-0.022033501,-0.054778562,-0.030440227,0.10725229,0.099223227,-0.040076756,-0.022033501,-0.383868198,-0.203061224,0.109255986,0.498625658,0.219114247,0.440459285
AE18K03,0,AE18K03 0,0.150163634,0.102466003,0.143437991,0.603932372,-0.099836366,-0.147533997,-0.106562009,0.353932372,0.307084182,-0.148323565,-0.099836366,-0.44996038,-0.284792795,0.355341912,0.602135641,0.59013599,0.552415363
AE18K03,20,AE18K03 20,0.281142457,0.238944986,0.229581547,0.250331009,0.031142457,-0.011055014,-0.020418453,0.000331009,0.006972487,-0.010646518,0.031142457,-0.990978775,1.182851527,0.033642481,0.411912721,0.08167381,0.217629726
AE18K03,40,AE18K03 40,0.294896571,0.242512995,0.22453329,0.238057143,0.044896571,-0.007487005,-0.02546671,-0.011942857,-0.002728641,-0.01113819,0.044896571,-1.811045338,1.320721572,0.046337964,0.454887619,0.101866838,0.341437993
AE18K03,60,AE18K03 60,0.274153025,0.239612121,0.241448003,0.24478685,0.024153025,-0.010387879,-0.008551997,-0.00521315,0.003168862,-0.000531378,0.024153025,-0.166141726,1.43854168,0.02436581,0.586400018,0.041551516,0.366880437
AE18K03,80,AE18K03 80,0.158437145,0.366727976,0.291418836,0.183416043,-0.091562855,0.116727976,0.041418836,-0.066583957,-0.112255175,0.011558952,-0.091562855,3.038983956,-0.681639735,0.145322366,0.396783079,0.366251419,0.006995201
AE18K04,-80,AE18K04 -80,0.196799158,0.32728216,0.263345951,0.212572731,-0.053200842,0.07728216,0.013345951,-0.037427269,-0.070244893,-0.004653819,-0.053200842,-3.07543798,-0.647142801,0.088240198,0.414656021,0.212803369,0.011990918
AE18K04,-60,AE18K04 -60,0.269110299,0.24864853,0.236189096,0.246052075,0.019110299,-0.00135147,-0.013810904,-0.003947925,-0.001589997,-0.007892164,0.019110299,-1.769600455,1.172083018,0.020736872,0.37537139,0.055243615,0.143147524
AE18K04,-40,AE18K04 -40,0.260913875,0.219439373,0.251686833,0.267959918,0.010913875,-0.030560627,0.001686833,0.017959918,0.029712644,0.005647794,0.010913875,0.187839646,0.346310599,0.032153561,0.263030936,0.122242507,0.183446356
AE18K04,-20,AE18K04 -20,0.181100325,0.145388216,0.252608435,0.420903024,-0.068899675,-0.104611784,0.002608435,0.170903024,0.168717674,-0.02159305,-0.068899675,-0.127291344,-0.384868223,0.183518606,0.438570586,0.418447136,0.209373257
AE18K04,0,AE18K04 0,0.096690302,0.059028206,0.176726119,0.667555374,-0.153309698,-0.190971794,-0.073273881,0.417555374,0.372645264,-0.131921851,-0.153309698,-0.340246782,-0.36996604,0.423994966,0.555049199,0.763887178,0.485986029
AE18K04,20,AE18K04 20,0.252683774,0.251617854,0.241004381,0.254693992,0.002683774,0.001617854,-0.008995619,0.004693992,0.001883742,-0.008592438,0.002683774,-1.354978145,0.296124975,0.009196799,0.255591049,0.035982477,0.060331727
AE18K04,40,AE18K04 40,0.270637375,0.235331412,0.24097493,0.253056283,0.020637375,-0.014668588,-0.00902507,0.003056283,0.010854222,-0.002276118,0.020637375,-0.206703772,1.077686564,0.023428532,0.399297669,0.058674352,0.154370127
AE18K04,60,AE18K04 60,0.228674525,0.226241157,0.272289628,0.272794691,-0.021325475,-0.023758843,0.022289628,0.022794691,0.028508101,0.016102026,-0.021325475,0.514152229,-0.577312629,0.039073814,0.411150213,0.095035374,0.131328028
AE18K04,80,AE18K04 80,0.156027111,0.374062645,0.283763798,0.186146445,-0.093972889,0.124062645,0.033763798,-0.063853555,-0.115074701,0.002587483,-0.093972889,3.119111198,-0.684672495,0.148592684,0.395307322,0.375891554,0.007359839
AE18K11,-80,AE18K11 -80,0.16224153,0.334392322,0.294283214,0.209082933,-0.08775847,0.084392322,0.044283214,-0.040917067,-0.076736016,0.015942137,-0.08775847,2.936753527,-0.841822674,0.117661025,0.335184243,0.35103388,0.005391172
AE18K11,-60,AE18K11 -60,0.250490986,0.244021479,0.244561277,0.260926259,0.000490986,-0.005978521,-0.005438723,0.010926259,0.010352021,-0.005595048,0.000490986,-0.495503861,0.041700501,0.01177752,0.492493006,0.023914085,0.092686932
AE18K11,-40,AE18K11 -40,0.245808616,0.212529441,0.260399948,0.281261996,-0.004191384,-0.037470559,0.010399948,0.031261996,0.042089922,0.009548932,-0.004191384,0.223093434,-0.096810213,0.043362557,0.289310847,0.149882237,0.236629149
AE18K11,-20,AE18K11 -20,0.164215694,0.125097625,0.251837664,0.458849018,-0.085784306,-0.124902375,0.001837664,0.208849018,0.204380153,-0.028380196,-0.085784306,-0.137977526,-0.394001373,0.223462815,0.447274952,0.499609501,0.303090364
AE18K11,0,AE18K11 0,0.115042563,0.065977523,0.167158461,0.651821452,-0.134957437,-0.184022477,-0.082841539,0.401821452,0.358754674,-0.13558138,-0.134957437,-0.361330195,-0.33835931,0.406571933,0.552340046,0.736089906,0.61178781
AE18K11,20,AE18K11 20,0.267328185,0.235128378,0.23620542,0.261338018,0.017328185,-0.014871622,-0.01379458,0.011338018,0.016050061,-0.008504923,0.017328185,-0.48728032,0.761847726,0.025103867,0.422009573,0.059486488,0.104116722
AE18K11,40,AE18K11 40,0.264413156,0.235564572,0.240920237,0.259102035,0.014413156,-0.014435428,-0.009079763,0.009102035,0.014413693,-0.004534723,0.014413156,-0.304807929,0.76179248,0.020881986,0.361644732,0.057741711,0.174052767
AE18K11,60,AE18K11 60,0.223648375,0.222490637,0.275589028,0.27827196,-0.026351625,-0.027509363,0.025589028,0.02827196,0.034158945,0.017824557,-0.026351625,0.480944779,-0.599857581,0.046679294,0.424212777,0.110037453,0.133308337
AE18K11,80,AE18K11 80,0.139934661,0.34340909,0.310106823,0.206549426,-0.110065339,0.09340909,0.060106823,-0.043450574,-0.083809086,0.024838939,-0.110065339,2.853464619,-0.899610049,0.140553601,0.319250368,0.440261358,0.005232819
AE18K01,-80,AE18K01 -80,0.250159511,0.25328404,0.243454461,0.253101988,0.000159511,0.00328404,-0.006545539,0.003101988,-0.000111483,-0.006886197,0.000159511,-1.586984305,0.023156629,0.006888946,0.263116084,0.026182156,0.060471647
AE18K01,-60,AE18K01 -60,0.252064969,0.247491257,0.24024079,0.260202984,0.002064969,-0.002508743,-0.00975921,0.010202984,0.007784312,-0.009621128,0.002064969,-0.89054019,0.165331668,0.01254694,0.321412817,0.039036839,0.120353884
AE18K01,-40,AE18K01 -40,0.254024938,0.238531001,0.241571119,0.265872942,0.004024938,-0.011468999,-0.008428881,0.015872942,0.016743451,-0.007517148,0.004024938,-0.421989139,0.215883437,0.018789646,0.40957467,0.045875996,0.101373963
AE18K01,-20,AE18K01 -20,0.185564282,0.165795858,0.235229303,0.413410557,-0.064435718,-0.084204142,-0.014770697,0.163410557,0.151632416,-0.038448157,-0.064435718,-0.248327932,-0.39073255,0.169182186,0.502297699,0.336816567,0.129883182
AE18K01,0,AE18K01 0,0.124057547,0.079009627,0.155450839,0.641481987,-0.125942453,-0.170990373,-0.094549161,0.391481987,0.344442569,-0.144811911,-0.125942453,-0.397988329,-0.325104171,0.394300233,0.576494785,0.683961492,0.399512121
AE18K01,20,AE18K01 20,0.253592511,0.249790946,0.239376334,0.25724021,0.003592511,-0.000209054,-0.010623666,0.00724021,0.004561724,-0.009997955,0.003592511,-1.142744095,0.31595381,0.011561772,0.272075844,0.042494665,0.058260309
AE18K01,40,AE18K01 40,0.241752212,0.237668444,0.246671746,0.273907598,-0.008247788,-0.012331556,-0.003328254,0.023907598,0.022191859,-0.00644618,-0.008247788,-0.28269549,-0.342813904,0.024536867,0.497440603,0.049326226,0.08373776
AE18K01,60,AE18K01 60,0.239902589,0.238838811,0.247248231,0.274010369,-0.010097411,-0.011161189,-0.002751769,0.024010369,0.021538093,-0.006488665,-0.010097411,-0.292616598,-0.421928886,0.02465664,0.552285238,0.044644757,0.118146213
AE18K01,80,AE18K01 80,0.149773345,0.350395741,0.282482647,0.217348267,-0.100226655,0.100395741,0.032482647,-0.032651733,-0.081474606,-0.000982423,-0.100226655,-3.129535206,-0.888201145,0.129168336,0.322190578,0.40090662,0.005219183
